_id,value
D.Prescott,"{"touchdowns":28,"yards":3503,"IsQB":false,"points":518}"
D.Kizer,"{"touchdowns":16,"yards":3089,"IsQB":false,"points":404}"
T.Gurley,"{"touchdowns":19,"yards":2092,"IsQB":false,"points":323}"
R.Wilson,"{"touchdowns":37,"yards":4261,"IsQB":true,"points":318}"
T.Brady,"{"touchdowns":32,"yards":4393,"IsQB":true,"points":303}"
P.Rivers,"{"touchdowns":28,"yards":4408,"IsQB":true,"points":288}"
M.Stafford,"{"touchdowns":29,"yards":4270,"IsQB":true,"points":286}"
K.Cousins,"{"touchdowns":31,"yards":3940,"IsQB":true,"points":281}"
B.Roethlisberger,"{"touchdowns":28,"yards":4190,"IsQB":true,"points":279}"
A.Smith,"{"touchdowns":27,"yards":4169,"IsQB":true,"points":274}"
C.Wentz,"{"touchdowns":33,"yards":3444,"IsQB":true,"points":269}"
D.Brees,"{"touchdowns":25,"yards":4225,"IsQB":true,"points":269}"
C.Newton,"{"touchdowns":28,"yards":3837,"IsQB":true,"points":265}"
J.Goff,"{"touchdowns":29,"yards":3702,"IsQB":true,"points":264}"
L.Bell,"{"touchdowns":11,"yards":1954,"IsQB":false,"points":261}"
B.Bortles,"{"touchdowns":23,"yards":3903,"IsQB":true,"points":248}"
K.Hunt,"{"touchdowns":11,"yards":1782,"IsQB":false,"points":244}"
M.Ryan,"{"touchdowns":20,"yards":4092,"IsQB":true,"points":243}"
C.Keenum,"{"touchdowns":23,"yards":3593,"IsQB":true,"points":235}"
A.Kamara,"{"touchdowns":13,"yards":1556,"IsQB":false,"points":233}"
T.Taylor,"{"touchdowns":21,"yards":3690,"IsQB":true,"points":231}"
M.Gordon,"{"touchdowns":12,"yards":1581,"IsQB":false,"points":230}"
A.Dalton,"{"touchdowns":25,"yards":3182,"IsQB":true,"points":227}"
D.Carr,"{"touchdowns":22,"yards":3475,"IsQB":true,"points":227}"
M.Ingram,"{"touchdowns":12,"yards":1540,"IsQB":false,"points":226}"
J.Winston,"{"touchdowns":20,"yards":3438,"IsQB":true,"points":217}"
D.Hopkins,"{"touchdowns":13,"yards":1378,"IsQB":false,"points":215}"
E.Manning,"{"touchdowns":20,"yards":3314,"IsQB":true,"points":212}"
A.Brown,"{"touchdowns":9,"yards":1535,"IsQB":false,"points":207}"
M.Mariota,"{"touchdowns":18,"yards":3384,"IsQB":true,"points":207}"
L.McCoy,"{"touchdowns":8,"yards":1587,"IsQB":false,"points":206}"
J.McCown,"{"touchdowns":23,"yards":2800,"IsQB":true,"points":204}"
J.Garoppolo,"{"touchdowns":8,"yards":1515,"IsQB":false,"points":199}"
L.Fournette,"{"touchdowns":10,"yards":1372,"IsQB":false,"points":197}"
J.Flacco,"{"touchdowns":19,"yards":3004,"IsQB":true,"points":196}"
J.Brissett,"{"touchdowns":17,"yards":3063,"IsQB":true,"points":190}"
J.Cutler,"{"touchdowns":19,"yards":2551,"IsQB":true,"points":178}"
Jo.Howard,"{"touchdowns":9,"yards":1245,"IsQB":false,"points":178}"
C.Hyde,"{"touchdowns":8,"yards":1290,"IsQB":false,"points":177}"
E.Elliott,"{"touchdowns":9,"yards":1232,"IsQB":false,"points":177}"
K.Allen,"{"touchdowns":6,"yards":1402,"IsQB":false,"points":176}"
D.Freeman,"{"touchdowns":8,"yards":1182,"IsQB":false,"points":166}"
T.Hill,"{"touchdowns":7,"yards":1242,"IsQB":false,"points":166}"
D.Lewis,"{"touchdowns":9,"yards":1110,"IsQB":false,"points":165}"
Ju.Jones,"{"touchdowns":3,"yards":1459,"IsQB":false,"points":163}"
M.Thomas,"{"touchdowns":5,"yards":1338,"IsQB":false,"points":163}"
D.Watson,"{"touchdowns":21,"yards":1855,"IsQB":true,"points":158}"
L.Miller,"{"touchdowns":6,"yards":1215,"IsQB":false,"points":157}"
A.Green,"{"touchdowns":8,"yards":1086,"IsQB":false,"points":156}"
R.Gronkowski,"{"touchdowns":8,"yards":1085,"IsQB":false,"points":156}"
B.Cooks,"{"touchdowns":7,"yards":1124,"IsQB":false,"points":154}"
L.Fitzgerald,"{"touchdowns":6,"yards":1179,"IsQB":false,"points":153}"
A.Collins,"{"touchdowns":6,"yards":1160,"IsQB":false,"points":152}"
A.Thielen,"{"touchdowns":4,"yards":1288,"IsQB":false,"points":152}"
J.Landry,"{"touchdowns":9,"yards":980,"IsQB":false,"points":152}"
T.Kelce,"{"touchdowns":8,"yards":1045,"IsQB":false,"points":152}"
C.McCaffrey,"{"touchdowns":7,"yards":1086,"IsQB":false,"points":150}"
J.Nelson,"{"touchdowns":8,"yards":1023,"IsQB":false,"points":150}"
D.Adams,"{"touchdowns":10,"yards":885,"IsQB":false,"points":148}"
C.Anderson,"{"touchdowns":4,"yards":1233,"IsQB":false,"points":147}"
D.Baldwin,"{"touchdowns":8,"yards":985,"IsQB":false,"points":146}"
M.Jones,"{"touchdowns":8,"yards":984,"IsQB":false,"points":146}"
M.Lynch,"{"touchdowns":7,"yards":1043,"IsQB":false,"points":146}"
F.Gore,"{"touchdowns":4,"yards":1206,"IsQB":false,"points":144}"
L.Murray,"{"touchdowns":8,"yards":944,"IsQB":false,"points":142}"
T.Coleman,"{"touchdowns":8,"yards":929,"IsQB":false,"points":140}"
T.Siemian,"{"touchdowns":13,"yards":2197,"IsQB":true,"points":139}"
R.Anderson,"{"touchdowns":7,"yards":948,"IsQB":false,"points":136}"
D.Murray,"{"touchdowns":7,"yards":925,"IsQB":false,"points":134}"
S.Diggs,"{"touchdowns":8,"yards":860,"IsQB":false,"points":134}"
J.Smith-Schuster,"{"touchdowns":7,"yards":917,"IsQB":false,"points":133}"
A.Jeffery,"{"touchdowns":9,"yards":789,"IsQB":false,"points":132}"
D.Funchess,"{"touchdowns":8,"yards":840,"IsQB":false,"points":132}"
G.Tate,"{"touchdowns":5,"yards":1027,"IsQB":false,"points":132}"
M.Evans,"{"touchdowns":5,"yards":1006,"IsQB":false,"points":130}"
Z.Ertz,"{"touchdowns":8,"yards":824,"IsQB":false,"points":130}"
A.Rodgers,"{"touchdowns":16,"yards":1638,"IsQB":true,"points":129}"
J.McKinnon,"{"touchdowns":5,"yards":993,"IsQB":false,"points":129}"
M.Trubisky,"{"touchdowns":9,"yards":2226,"IsQB":true,"points":125}"
N.Agholor,"{"touchdowns":8,"yards":775,"IsQB":false,"points":125}"
B.Powell,"{"touchdowns":5,"yards":942,"IsQB":false,"points":124}"
C.Thompson,"{"touchdowns":6,"yards":888,"IsQB":false,"points":124}"
D.Henry,"{"touchdowns":6,"yards":880,"IsQB":false,"points":124}"
B.Hundley,"{"touchdowns":11,"yards":1924,"IsQB":true,"points":120}"
J.Allen,"{"touchdowns":6,"yards":841,"IsQB":false,"points":120}"
K.Stills,"{"touchdowns":6,"yards":847,"IsQB":false,"points":120}"
T.Hilton,"{"touchdowns":4,"yards":966,"IsQB":false,"points":120}"
D.Bryant,"{"touchdowns":6,"yards":835,"IsQB":false,"points":119}"
C.Kupp,"{"touchdowns":5,"yards":882,"IsQB":false,"points":118}"
J.Williams,"{"touchdowns":6,"yards":818,"IsQB":false,"points":117}"
O.Darkwa,"{"touchdowns":5,"yards":869,"IsQB":false,"points":116}"
I.Crowell,"{"touchdowns":2,"yards":1037,"IsQB":false,"points":115}"
J.Ajayi,"{"touchdowns":2,"yards":1031,"IsQB":false,"points":115}"
J.Mixon,"{"touchdowns":4,"yards":913,"IsQB":false,"points":115}"
J.Stewart,"{"touchdowns":7,"yards":732,"IsQB":false,"points":115}"
K.Drake,"{"touchdowns":4,"yards":885,"IsQB":false,"points":112}"
M.Goodwin,"{"touchdowns":2,"yards":1006,"IsQB":false,"points":112}"
M.Sanu,"{"touchdowns":6,"yards":764,"IsQB":false,"points":112}"
J.Graham,"{"touchdowns":10,"yards":516,"IsQB":false,"points":111}"
J.Kearse,"{"touchdowns":5,"yards":810,"IsQB":false,"points":111}"
M.Crabtree,"{"touchdowns":8,"yards":626,"IsQB":false,"points":110}"
A.Cooper,"{"touchdowns":7,"yards":674,"IsQB":false,"points":109}"
C.Palmer,"{"touchdowns":9,"yards":1837,"IsQB":true,"points":109}"
E.Engram,"{"touchdowns":6,"yards":736,"IsQB":false,"points":109}"
R.Woods,"{"touchdowns":5,"yards":793,"IsQB":false,"points":109}"
G.Bernard,"{"touchdowns":4,"yards":839,"IsQB":false,"points":107}"
S.Watkins,"{"touchdowns":8,"yards":593,"IsQB":false,"points":107}"
P.Richardson,"{"touchdowns":6,"yards":703,"IsQB":false,"points":106}"
T.Ginn,"{"touchdowns":4,"yards":826,"IsQB":false,"points":106}"
D.Walker,"{"touchdowns":4,"yards":805,"IsQB":false,"points":104}"
R.Matthews,"{"touchdowns":4,"yards":792,"IsQB":false,"points":103}"
T.Riddick,"{"touchdowns":5,"yards":730,"IsQB":false,"points":103}"
A.Abdullah,"{"touchdowns":5,"yards":714,"IsQB":false,"points":101}"
K.Rudolph,"{"touchdowns":8,"yards":532,"IsQB":false,"points":101}"
J.Crowder,"{"touchdowns":3,"yards":823,"IsQB":false,"points":100}"
L.Blount,"{"touchdowns":3,"yards":818,"IsQB":false,"points":99}"
M.Wallace,"{"touchdowns":4,"yards":752,"IsQB":false,"points":99}"
R.Burkhead,"{"touchdowns":8,"yards":518,"IsQB":false,"points":99}"
T.Cohen,"{"touchdowns":4,"yards":747,"IsQB":false,"points":98}"
Ty.Williams,"{"touchdowns":4,"yards":728,"IsQB":false,"points":96}"
C.Brate,"{"touchdowns":6,"yards":591,"IsQB":false,"points":95}"
J.Doyle,"{"touchdowns":4,"yards":690,"IsQB":false,"points":93}"
K.Cole,"{"touchdowns":3,"yards":748,"IsQB":false,"points":92}"
R.Cobb,"{"touchdowns":4,"yards":682,"IsQB":false,"points":92}"
M.Lee,"{"touchdowns":3,"yards":721,"IsQB":false,"points":90}"
S.Perine,"{"touchdowns":2,"yards":785,"IsQB":false,"points":90}"
T.Benjamin,"{"touchdowns":4,"yards":663,"IsQB":false,"points":90}"
D.Johnson,"{"touchdowns":4,"yards":654,"IsQB":false,"points":89}"
D.Jackson,"{"touchdowns":3,"yards":706,"IsQB":false,"points":88}"
K.Benjamin,"{"touchdowns":3,"yards":692,"IsQB":false,"points":87}"
J.Witten,"{"touchdowns":5,"yards":560,"IsQB":false,"points":86}"
C.Beathard,"{"touchdowns":7,"yards":1428,"IsQB":true,"points":85}"
M.Forte,"{"touchdowns":3,"yards":674,"IsQB":false,"points":85}"
S.Shepard,"{"touchdowns":2,"yards":735,"IsQB":false,"points":85}"
W.Fuller V,"{"touchdowns":7,"yards":432,"IsQB":false,"points":85}"
D. Thomas,"{"touchdowns":3,"yards":666,"IsQB":false,"points":84}"
J.Doctson,"{"touchdowns":6,"yards":488,"IsQB":false,"points":84}"
A.Ekeler,"{"touchdowns":5,"yards":539,"IsQB":false,"points":83}"
M.Breida,"{"touchdowns":3,"yards":645,"IsQB":false,"points":82}"
M.Mack,"{"touchdowns":4,"yards":583,"IsQB":false,"points":82}"
T.Kroft,"{"touchdowns":7,"yards":404,"IsQB":false,"points":82}"
V.Davis,"{"touchdowns":3,"yards":648,"IsQB":false,"points":82}"
E.Ebron,"{"touchdowns":4,"yards":574,"IsQB":false,"points":81}"
H.Henry,"{"touchdowns":4,"yards":579,"IsQB":false,"points":81}"
R.Grant,"{"touchdowns":4,"yards":573,"IsQB":false,"points":81}"
C.Clement,"{"touchdowns":6,"yards":446,"IsQB":false,"points":80}"
J.Cook,"{"touchdowns":2,"yards":687,"IsQB":false,"points":80}"
M.Bryant,"{"touchdowns":3,"yards":627,"IsQB":false,"points":80}"
O.Howard,"{"touchdowns":6,"yards":432,"IsQB":false,"points":79}"
D.Amendola,"{"touchdowns":2,"yards":659,"IsQB":false,"points":77}"
B.Watson,"{"touchdowns":4,"yards":522,"IsQB":false,"points":76}"
C.Hogan,"{"touchdowns":5,"yards":456,"IsQB":false,"points":75}"
J.White,"{"touchdowns":3,"yards":573,"IsQB":false,"points":75}"
A.Wilson,"{"touchdowns":3,"yards":560,"IsQB":false,"points":74}"
R.Fitzpatrick,"{"touchdowns":7,"yards":1150,"IsQB":true,"points":74}"
D.Parker,"{"touchdowns":1,"yards":670,"IsQB":false,"points":73}"
R.Smith,"{"touchdowns":5,"yards":434,"IsQB":false,"points":73}"
T.Lockett,"{"touchdowns":2,"yards":613,"IsQB":false,"points":73}"
B.LaFell,"{"touchdowns":3,"yards":548,"IsQB":false,"points":72}"
K.Williams,"{"touchdowns":2,"yards":604,"IsQB":false,"points":72}"
W.Gallman,"{"touchdowns":1,"yards":669,"IsQB":false,"points":72}"
A.Peterson,"{"touchdowns":2,"yards":599,"IsQB":false,"points":71}"
Ja.Brown,"{"touchdowns":4,"yards":477,"IsQB":false,"points":71}"
P.Barber,"{"touchdowns":3,"yards":537,"IsQB":false,"points":71}"
A.Hooper,"{"touchdowns":3,"yards":526,"IsQB":false,"points":70}"
A.Jones,"{"touchdowns":4,"yards":466,"IsQB":false,"points":70}"
T.Savage,"{"touchdowns":5,"yards":1257,"IsQB":true,"points":70}"
A.Humphries,"{"touchdowns":1,"yards":631,"IsQB":false,"points":69}"
M.Gillislee,"{"touchdowns":5,"yards":398,"IsQB":false,"points":69}"
T.Montgomery,"{"touchdowns":4,"yards":446,"IsQB":false,"points":68}"
B.Hoyer,"{"touchdowns":5,"yards":1182,"IsQB":true,"points":67}"
B.Osweiler,"{"touchdowns":6,"yards":1098,"IsQB":true,"points":67}"
C.Clay,"{"touchdowns":2,"yards":558,"IsQB":false,"points":67}"
C.Ivory,"{"touchdowns":2,"yards":556,"IsQB":false,"points":67}"
D.Martin,"{"touchdowns":3,"yards":490,"IsQB":false,"points":67}"
D.Thompson,"{"touchdowns":2,"yards":550,"IsQB":false,"points":67}"
E.Sanders,"{"touchdowns":2,"yards":555,"IsQB":false,"points":67}"
K.Wright,"{"touchdowns":1,"yards":614,"IsQB":false,"points":67}"
J.Richard,"{"touchdowns":2,"yards":541,"IsQB":false,"points":66}"
K.Golladay,"{"touchdowns":3,"yards":486,"IsQB":false,"points":66}"
A.Morris,"{"touchdowns":1,"yards":592,"IsQB":false,"points":65}"
B.Gabbert,"{"touchdowns":6,"yards":1031,"IsQB":true,"points":65}"
D.Thomas,"{"touchdowns":4,"yards":418,"IsQB":false,"points":65}"
D.Booker,"{"touchdowns":1,"yards":574,"IsQB":false,"points":63}"
G.Kittle,"{"touchdowns":2,"yards":515,"IsQB":false,"points":63}"
J.McKissic,"{"touchdowns":3,"yards":453,"IsQB":false,"points":63}"
D.Njoku,"{"touchdowns":4,"yards":387,"IsQB":false,"points":62}"
E.Decker,"{"touchdowns":1,"yards":563,"IsQB":false,"points":62}"
J.Maclin,"{"touchdowns":3,"yards":440,"IsQB":false,"points":62}"
M.Lewis,"{"touchdowns":5,"yards":320,"IsQB":false,"points":62}"
E.McGuire,"{"touchdowns":2,"yards":494,"IsQB":false,"points":61}"
A.Hurns,"{"touchdowns":2,"yards":484,"IsQB":false,"points":60}"
T.Yeldon,"{"touchdowns":2,"yards":477,"IsQB":false,"points":59}"
C.Godwin,"{"touchdowns":1,"yards":525,"IsQB":false,"points":58}"
D.Stanton,"{"touchdowns":6,"yards":862,"IsQB":true,"points":58}"
D.Washington,"{"touchdowns":3,"yards":408,"IsQB":false,"points":58}"
T.Williams,"{"touchdowns":0,"yards":583,"IsQB":false,"points":58}"
G.Celek,"{"touchdowns":4,"yards":336,"IsQB":false,"points":57}"
D.Cook,"{"touchdowns":2,"yards":444,"IsQB":false,"points":56}"
D.Johnson Jr.,"{"touchdowns":3,"yards":387,"IsQB":false,"points":56}"
J.Thomas,"{"touchdowns":3,"yards":388,"IsQB":false,"points":56}"
C.Beasley,"{"touchdowns":4,"yards":314,"IsQB":false,"points":55}"
J.James,"{"touchdowns":3,"yards":372,"IsQB":false,"points":55}"
B.Coleman,"{"touchdowns":3,"yards":368,"IsQB":false,"points":54}"
C.Patterson,"{"touchdowns":2,"yards":426,"IsQB":false,"points":54}"
T.Burton,"{"touchdowns":5,"yards":248,"IsQB":false,"points":54}"
T.Smith,"{"touchdowns":2,"yards":427,"IsQB":false,"points":54}"
B.Fowler,"{"touchdowns":3,"yards":350,"IsQB":false,"points":53}"
D.Foreman,"{"touchdowns":2,"yards":410,"IsQB":false,"points":53}"
R.Lewis,"{"touchdowns":2,"yards":416,"IsQB":false,"points":53}"
A.Seferian-Jenkins,"{"touchdowns":3,"yards":349,"IsQB":false,"points":52}"
B.Butler,"{"touchdowns":3,"yards":337,"IsQB":false,"points":51}"
D.Moncrief,"{"touchdowns":2,"yards":391,"IsQB":false,"points":51}"
S.Roberts,"{"touchdowns":1,"yards":455,"IsQB":false,"points":51}"
P.Garcon,"{"touchdowns":0,"yards":500,"IsQB":false,"points":50}"
A.Gates,"{"touchdowns":3,"yards":316,"IsQB":false,"points":49}"
E.Dickson,"{"touchdowns":1,"yards":437,"IsQB":false,"points":49}"
O.Beckham,"{"touchdowns":3,"yards":310,"IsQB":false,"points":49}"
J.Brown,"{"touchdowns":3,"yards":309,"IsQB":false,"points":48}"
J.Charles,"{"touchdowns":1,"yards":425,"IsQB":false,"points":48}"
T.Gabriel,"{"touchdowns":1,"yards":427,"IsQB":false,"points":48}"
A.Ellington,"{"touchdowns":1,"yards":414,"IsQB":false,"points":47}"
M.Moore,"{"touchdowns":4,"yards":775,"IsQB":true,"points":47}"
T.Jones,"{"touchdowns":1,"yards":412,"IsQB":false,"points":47}"
B.Ellington,"{"touchdowns":2,"yards":347,"IsQB":false,"points":46}"
C.West,"{"touchdowns":4,"yards":222,"IsQB":false,"points":46}"
M.Glennon,"{"touchdowns":4,"yards":759,"IsQB":true,"points":46}"
S.DeValve,"{"touchdowns":1,"yards":395,"IsQB":false,"points":45}"
J.Gresham,"{"touchdowns":2,"yards":322,"IsQB":false,"points":44}"
N.O'Leary,"{"touchdowns":2,"yards":322,"IsQB":false,"points":44}"
R.Higgins,"{"touchdowns":2,"yards":316,"IsQB":false,"points":43}"
Z.Jones,"{"touchdowns":2,"yards":316,"IsQB":false,"points":43}"
C.Coleman,"{"touchdowns":2,"yards":305,"IsQB":false,"points":42}"
T.King,"{"touchdowns":3,"yards":243,"IsQB":false,"points":42}"
C.Fleener,"{"touchdowns":2,"yards":295,"IsQB":false,"points":41}"
C.Moore,"{"touchdowns":3,"yards":239,"IsQB":false,"points":41}"
J.Bellamy,"{"touchdowns":1,"yards":354,"IsQB":false,"points":41}"
S.Vereen,"{"touchdowns":0,"yards":417,"IsQB":false,"points":41}"
C.Grant,"{"touchdowns":2,"yards":289,"IsQB":false,"points":40}"
C.Latimer,"{"touchdowns":2,"yards":289,"IsQB":false,"points":40}"
C.Sims III,"{"touchdowns":1,"yards":347,"IsQB":false,"points":40}"
D.Inman,"{"touchdowns":1,"yards":343,"IsQB":false,"points":40}"
J.Hardy,"{"touchdowns":3,"yards":221,"IsQB":false,"points":40}"
K.Juszczyk,"{"touchdowns":1,"yards":346,"IsQB":false,"points":40}"
N.Foles,"{"touchdowns":5,"yards":503,"IsQB":true,"points":40}"
S.Anderson,"{"touchdowns":1,"yards":342,"IsQB":false,"points":40}"
A.Robinson,"{"touchdowns":2,"yards":277,"IsQB":false,"points":39}"
B.Cunningham,"{"touchdowns":2,"yards":271,"IsQB":false,"points":39}"
D.Westbrook,"{"touchdowns":1,"yards":339,"IsQB":false,"points":39}"
D.Williams,"{"touchdowns":1,"yards":336,"IsQB":false,"points":39}"
J.Gordon,"{"touchdowns":1,"yards":335,"IsQB":false,"points":39}"
J.Holton,"{"touchdowns":3,"yards":218,"IsQB":false,"points":39}"
L.Willson,"{"touchdowns":4,"yards":153,"IsQB":false,"points":39}"
M.Brown,"{"touchdowns":1,"yards":339,"IsQB":false,"points":39}"
R.Kelley,"{"touchdowns":3,"yards":212,"IsQB":false,"points":39}"
K.Hogan,"{"touchdowns":4,"yards":553,"IsQB":true,"points":38}"
M.Tolbert,"{"touchdowns":1,"yards":325,"IsQB":false,"points":38}"
R.Seals-Jones,"{"touchdowns":3,"yards":201,"IsQB":false,"points":38}"
A.Blue,"{"touchdowns":1,"yards":316,"IsQB":false,"points":37}"
C.Davis,"{"touchdowns":0,"yards":375,"IsQB":false,"points":37}"
G.Everett,"{"touchdowns":2,"yards":257,"IsQB":false,"points":37}"
J.Rodgers,"{"touchdowns":1,"yards":318,"IsQB":false,"points":37}"
K.Britt,"{"touchdowns":2,"yards":256,"IsQB":false,"points":37}"
T.Austin,"{"touchdowns":1,"yards":313,"IsQB":false,"points":37}"
A.Derby,"{"touchdowns":2,"yards":244,"IsQB":false,"points":36}"
C.Rogers,"{"touchdowns":1,"yards":292,"IsQB":false,"points":35}"
D.Fells,"{"touchdowns":3,"yards":177,"IsQB":false,"points":35}"
M.Davis,"{"touchdowns":0,"yards":354,"IsQB":false,"points":35}"
R.Ellison,"{"touchdowns":2,"yards":235,"IsQB":false,"points":35}"
R.Louis,"{"touchdowns":0,"yards":357,"IsQB":false,"points":35}"
T.Higbee,"{"touchdowns":1,"yards":295,"IsQB":false,"points":35}"
T.Yates,"{"touchdowns":4,"yards":499,"IsQB":true,"points":35}"
Z.Miller,"{"touchdowns":2,"yards":236,"IsQB":false,"points":35}"
J.Matthews,"{"touchdowns":1,"yards":282,"IsQB":false,"points":34}"
T.Boyd,"{"touchdowns":2,"yards":225,"IsQB":false,"points":34}"
J.Grant,"{"touchdowns":2,"yards":215,"IsQB":false,"points":33}"
J.Reed,"{"touchdowns":2,"yards":211,"IsQB":false,"points":33}"
W.Smallwood,"{"touchdowns":1,"yards":277,"IsQB":false,"points":33}"
C.Carson,"{"touchdowns":1,"yards":267,"IsQB":false,"points":32}"
J.Wright,"{"touchdowns":2,"yards":198,"IsQB":false,"points":31}"
A.Holmes,"{"touchdowns":3,"yards":120,"IsQB":false,"points":30}"
A.Shaheen,"{"touchdowns":3,"yards":127,"IsQB":false,"points":30}"
J.Hill,"{"touchdowns":1,"yards":249,"IsQB":false,"points":30}"
T.Pryor,"{"touchdowns":1,"yards":240,"IsQB":false,"points":30}"
T.Green,"{"touchdowns":2,"yards":179,"IsQB":false,"points":29}"
D.Harris,"{"touchdowns":1,"yards":224,"IsQB":false,"points":28}"
E.Penny,"{"touchdowns":2,"yards":162,"IsQB":false,"points":28}"
J.Kerley,"{"touchdowns":1,"yards":225,"IsQB":false,"points":28}"
M.Bennett,"{"touchdowns":0,"yards":286,"IsQB":false,"points":28}"
M.Hollins,"{"touchdowns":1,"yards":226,"IsQB":false,"points":28}"
R.Shepard,"{"touchdowns":1,"yards":221,"IsQB":false,"points":28}"
T.West,"{"touchdowns":2,"yards":161,"IsQB":false,"points":28}"
J.Smith,"{"touchdowns":2,"yards":157,"IsQB":false,"points":27}"
M.Campanaro,"{"touchdowns":1,"yards":215,"IsQB":false,"points":27}"
M.Williams,"{"touchdowns":1,"yards":218,"IsQB":false,"points":27}"
J.Heuerman,"{"touchdowns":2,"yards":142,"IsQB":false,"points":26}"
K.Bibbs,"{"touchdowns":1,"yards":207,"IsQB":false,"points":26}"
L.Kendricks,"{"touchdowns":1,"yards":203,"IsQB":false,"points":26}"
A.Erickson,"{"touchdowns":1,"yards":196,"IsQB":false,"points":25}"
B.Petty,"{"touchdowns":1,"yards":545,"IsQB":true,"points":25}"
D.Woodhead,"{"touchdowns":0,"yards":256,"IsQB":false,"points":25}"
G.Allison,"{"touchdowns":0,"yards":253,"IsQB":false,"points":25}"
G.Olsen,"{"touchdowns":1,"yards":191,"IsQB":false,"points":25}"
K.Bourne,"{"touchdowns":0,"yards":257,"IsQB":false,"points":25}"
S.Bradford,"{"touchdowns":3,"yards":340,"IsQB":true,"points":25}"
T.Rawls,"{"touchdowns":0,"yards":251,"IsQB":false,"points":25}"
V.Green,"{"touchdowns":1,"yards":191,"IsQB":false,"points":25}"
D.Sims,"{"touchdowns":1,"yards":180,"IsQB":false,"points":24}"
V.McDonald,"{"touchdowns":1,"yards":188,"IsQB":false,"points":24}"
D.Byrd,"{"touchdowns":2,"yards":117,"IsQB":false,"points":23}"
B.Marshall,"{"touchdowns":0,"yards":222,"IsQB":false,"points":22}"
B.Miller,"{"touchdowns":1,"yards":163,"IsQB":false,"points":22}"
E.Lacy,"{"touchdowns":0,"yards":226,"IsQB":false,"points":22}"
R.Rodgers,"{"touchdowns":1,"yards":160,"IsQB":false,"points":22}"
T.Bohanon,"{"touchdowns":3,"yards":48,"IsQB":false,"points":22}"
D.Robinson,"{"touchdowns":0,"yards":212,"IsQB":false,"points":21}"
R.Griffin,"{"touchdowns":1,"yards":158,"IsQB":false,"points":21}"
T.Cadet,"{"touchdowns":0,"yards":215,"IsQB":false,"points":21}"
E.Rogers,"{"touchdowns":1,"yards":149,"IsQB":false,"points":20}"
J.O'Shaughnessy,"{"touchdowns":1,"yards":149,"IsQB":false,"points":20}"
L.Treadwell,"{"touchdowns":0,"yards":200,"IsQB":false,"points":20}"
N.Boyle,"{"touchdowns":0,"yards":203,"IsQB":false,"points":20}"
P.Dorsett,"{"touchdowns":0,"yards":201,"IsQB":false,"points":20}"
B.Celek,"{"touchdowns":1,"yards":130,"IsQB":false,"points":19}"
J.Mickens,"{"touchdowns":2,"yards":77,"IsQB":false,"points":19}"
M.Jones Jr.,"{"touchdowns":1,"yards":131,"IsQB":false,"points":19}"
P.Lynch,"{"touchdowns":2,"yards":277,"IsQB":true,"points":19}"
T.Lewis,"{"touchdowns":1,"yards":130,"IsQB":false,"points":19}"
T.Niklas,"{"touchdowns":1,"yards":132,"IsQB":false,"points":19}"
D.Fales,"{"touchdowns":2,"yards":265,"IsQB":true,"points":18}"
E.Tomlinson,"{"touchdowns":1,"yards":121,"IsQB":false,"points":18}"
L.Murphy,"{"touchdowns":1,"yards":121,"IsQB":false,"points":18}"
L.Toilolo,"{"touchdowns":1,"yards":122,"IsQB":false,"points":18}"
N.Peterman,"{"touchdowns":2,"yards":270,"IsQB":true,"points":18}"
N.Vannett,"{"touchdowns":1,"yards":124,"IsQB":false,"points":18}"
C.Conley,"{"touchdowns":0,"yards":175,"IsQB":false,"points":17}"
C.Samuel,"{"touchdowns":0,"yards":179,"IsQB":false,"points":17}"
K.Barner,"{"touchdowns":1,"yards":113,"IsQB":false,"points":17}"
L.Thomas,"{"touchdowns":1,"yards":111,"IsQB":false,"points":17}"
A.Fasano,"{"touchdowns":1,"yards":107,"IsQB":false,"points":16}"
J.Reynolds,"{"touchdowns":1,"yards":104,"IsQB":false,"points":16}"
R.Turbin,"{"touchdowns":1,"yards":109,"IsQB":false,"points":16}"
S.Ridley,"{"touchdowns":1,"yards":108,"IsQB":false,"points":16}"
C.Artis-Payne,"{"touchdowns":1,"yards":97,"IsQB":false,"points":15}"
C.Johnson,"{"touchdowns":0,"yards":157,"IsQB":false,"points":15}"
C.Uzomah,"{"touchdowns":1,"yards":92,"IsQB":false,"points":15}"
D.Foster,"{"touchdowns":0,"yards":152,"IsQB":false,"points":15}"
D.Morgan,"{"touchdowns":1,"yards":95,"IsQB":false,"points":15}"
A.Sherman,"{"touchdowns":1,"yards":87,"IsQB":false,"points":14}"
B.Tate,"{"touchdowns":1,"yards":81,"IsQB":false,"points":14}"
C.Ham,"{"touchdowns":1,"yards":81,"IsQB":false,"points":14}"
D.Allen,"{"touchdowns":1,"yards":86,"IsQB":false,"points":14}"
E.Manuel,"{"touchdowns":1,"yards":251,"IsQB":true,"points":14}"
J.Conner,"{"touchdowns":0,"yards":144,"IsQB":false,"points":14}"
J.Hanna,"{"touchdowns":1,"yards":88,"IsQB":false,"points":14}"
J.Taylor,"{"touchdowns":0,"yards":142,"IsQB":false,"points":14}"
T.McBride,"{"touchdowns":0,"yards":144,"IsQB":false,"points":14}"
T.Ward,"{"touchdowns":0,"yards":143,"IsQB":false,"points":14}"
D.Heyward-Bey,"{"touchdowns":1,"yards":79,"IsQB":false,"points":13}"
D.Sproles,"{"touchdowns":0,"yards":134,"IsQB":false,"points":13}"
J.Olawale,"{"touchdowns":1,"yards":76,"IsQB":false,"points":13}"
K.Aiken,"{"touchdowns":0,"yards":133,"IsQB":false,"points":13}"
P.Perkins,"{"touchdowns":0,"yards":136,"IsQB":false,"points":13}"
P.Ricard,"{"touchdowns":2,"yards":12,"IsQB":false,"points":13}"
B.Bersin,"{"touchdowns":0,"yards":128,"IsQB":false,"points":12}"
B.Williams,"{"touchdowns":0,"yards":121,"IsQB":false,"points":12}"
C.Fiedorowicz,"{"touchdowns":0,"yards":127,"IsQB":false,"points":12}"
D.Brown,"{"touchdowns":0,"yards":129,"IsQB":false,"points":12}"
F.Whittaker,"{"touchdowns":1,"yards":65,"IsQB":false,"points":12}"
G.Smith,"{"touchdowns":1,"yards":213,"IsQB":true,"points":12}"
J.Malone,"{"touchdowns":1,"yards":65,"IsQB":false,"points":12}"
L.Jones,"{"touchdowns":1,"yards":224,"IsQB":true,"points":12}"
M.Hall,"{"touchdowns":1,"yards":60,"IsQB":false,"points":12}"
M.Harris,"{"touchdowns":1,"yards":62,"IsQB":false,"points":12}"
R.Nix,"{"touchdowns":2,"yards":6,"IsQB":false,"points":12}"
C.Prosise,"{"touchdowns":0,"yards":110,"IsQB":false,"points":11}"
H.Sharp,"{"touchdowns":1,"yards":54,"IsQB":false,"points":11}"
K.Clay,"{"touchdowns":0,"yards":112,"IsQB":false,"points":11}"
L.Dunbar,"{"touchdowns":1,"yards":52,"IsQB":false,"points":11}"
M.Hoomanawanui,"{"touchdowns":1,"yards":52,"IsQB":false,"points":11}"
P.Mahomes,"{"touchdowns":0,"yards":280,"IsQB":true,"points":11}"
T.McEvoy,"{"touchdowns":0,"yards":113,"IsQB":false,"points":11}"
A.Janovich,"{"touchdowns":1,"yards":47,"IsQB":false,"points":10}"
A.Stewart,"{"touchdowns":0,"yards":109,"IsQB":false,"points":10}"
A.Traylor,"{"touchdowns":0,"yards":100,"IsQB":false,"points":10}"
B.Oliver,"{"touchdowns":0,"yards":109,"IsQB":false,"points":10}"
D.Henderson,"{"touchdowns":1,"yards":49,"IsQB":false,"points":10}"
R.Mallett,"{"touchdowns":2,"yards":56,"IsQB":true,"points":10}"
T.Edmunds,"{"touchdowns":1,"yards":48,"IsQB":false,"points":10}"
T.Rudolph,"{"touchdowns":0,"yards":101,"IsQB":false,"points":10}"
C.Hansen,"{"touchdowns":0,"yards":94,"IsQB":false,"points":9}"
Da.Johnson,"{"touchdowns":0,"yards":91,"IsQB":false,"points":9}"
F.Martino,"{"touchdowns":0,"yards":96,"IsQB":false,"points":9}"
J.Adams,"{"touchdowns":0,"yards":92,"IsQB":false,"points":9}"
J.Strong,"{"touchdowns":1,"yards":38,"IsQB":false,"points":9}"
J.Webb,"{"touchdowns":0,"yards":90,"IsQB":false,"points":9}"
L.Stocker,"{"touchdowns":1,"yards":30,"IsQB":false,"points":9}"
M.Cassel,"{"touchdowns":1,"yards":132,"IsQB":true,"points":9}"
N.Paul,"{"touchdowns":0,"yards":98,"IsQB":false,"points":9}"
P.Supernaw,"{"touchdowns":1,"yards":39,"IsQB":false,"points":9}"
W.Snead,"{"touchdowns":0,"yards":92,"IsQB":false,"points":9}"
X.Grimble,"{"touchdowns":1,"yards":32,"IsQB":false,"points":9}"
Z.Line,"{"touchdowns":1,"yards":36,"IsQB":false,"points":9}"
B.Treggs,"{"touchdowns":0,"yards":85,"IsQB":false,"points":8}"
B.Wilson,"{"touchdowns":1,"yards":26,"IsQB":false,"points":8}"
C.Walford,"{"touchdowns":0,"yards":80,"IsQB":false,"points":8}"
J.Hunter,"{"touchdowns":1,"yards":23,"IsQB":false,"points":8}"
N.Sterling,"{"touchdowns":0,"yards":82,"IsQB":false,"points":8}"
P.Cooper,"{"touchdowns":0,"yards":81,"IsQB":false,"points":8}"
T.Davis,"{"touchdowns":0,"yards":83,"IsQB":false,"points":8}"
Z.Zenner,"{"touchdowns":1,"yards":26,"IsQB":false,"points":8}"
A.Darboh,"{"touchdowns":0,"yards":71,"IsQB":false,"points":7}"
B.Bolden,"{"touchdowns":0,"yards":74,"IsQB":false,"points":7}"
B.Golden,"{"touchdowns":0,"yards":70,"IsQB":false,"points":7}"
B.Hill,"{"touchdowns":0,"yards":71,"IsQB":false,"points":7}"
B.Perriman,"{"touchdowns":0,"yards":77,"IsQB":false,"points":7}"
B.Quick,"{"touchdowns":0,"yards":76,"IsQB":false,"points":7}"
D.Carrier,"{"touchdowns":0,"yards":71,"IsQB":false,"points":7}"
J.Sprinkle,"{"touchdowns":1,"yards":13,"IsQB":false,"points":7}"
L.Smith,"{"touchdowns":0,"yards":76,"IsQB":false,"points":7}"
M.Floyd,"{"touchdowns":0,"yards":78,"IsQB":false,"points":7}"
R.Travis,"{"touchdowns":0,"yards":76,"IsQB":false,"points":7}"
S.Coates,"{"touchdowns":0,"yards":70,"IsQB":false,"points":7}"
C.Williams,"{"touchdowns":0,"yards":64,"IsQB":false,"points":6}"
J.Fowler,"{"touchdowns":1,"yards":4,"IsQB":false,"points":6}"
L.Carroo,"{"touchdowns":0,"yards":69,"IsQB":false,"points":6}"
L.Wester,"{"touchdowns":1,"yards":2,"IsQB":false,"points":6}"
N.Bellore,"{"touchdowns":1,"yards":1,"IsQB":false,"points":6}"
S.Mannion,"{"touchdowns":0,"yards":172,"IsQB":true,"points":6}"
T.Madden,"{"touchdowns":0,"yards":65,"IsQB":false,"points":6}"
V.Mayle,"{"touchdowns":1,"yards":2,"IsQB":false,"points":6}"
A.Cross,"{"touchdowns":0,"yards":58,"IsQB":false,"points":5}"
A.Hunt,"{"touchdowns":0,"yards":54,"IsQB":false,"points":5}"
A.Jackson,"{"touchdowns":0,"yards":55,"IsQB":false,"points":5}"
A.Ripkowski,"{"touchdowns":0,"yards":52,"IsQB":false,"points":5}"
D.Watt,"{"touchdowns":0,"yards":59,"IsQB":false,"points":5}"
N.Sudfeld,"{"touchdowns":0,"yards":132,"IsQB":true,"points":5}"
O.Charles,"{"touchdowns":0,"yards":53,"IsQB":false,"points":5}"
P.O'Donnell,"{"touchdowns":1,"yards":38,"IsQB":true,"points":5}"
T.Ervin,"{"touchdowns":0,"yards":50,"IsQB":false,"points":5}"
B.Koyack,"{"touchdowns":0,"yards":40,"IsQB":false,"points":4}"
I.Momah,"{"touchdowns":0,"yards":46,"IsQB":false,"points":4}"
J.Abbrederis,"{"touchdowns":0,"yards":44,"IsQB":false,"points":4}"
J.Hollister,"{"touchdowns":0,"yards":47,"IsQB":false,"points":4}"
M.Clark,"{"touchdowns":0,"yards":41,"IsQB":false,"points":4}"
M.Dayes,"{"touchdowns":0,"yards":41,"IsQB":false,"points":4}"
M.Johnson,"{"touchdowns":0,"yards":45,"IsQB":false,"points":4}"
M.Murphy,"{"touchdowns":0,"yards":48,"IsQB":false,"points":4}"
M.Roberts,"{"touchdowns":0,"yards":46,"IsQB":false,"points":4}"
M.Wheaton,"{"touchdowns":0,"yards":48,"IsQB":false,"points":4}"
R.Switzer,"{"touchdowns":0,"yards":46,"IsQB":false,"points":4}"
S.McGrath,"{"touchdowns":0,"yards":46,"IsQB":false,"points":4}"
S.Tolzien,"{"touchdowns":0,"yards":102,"IsQB":true,"points":4}"
T.Eifert,"{"touchdowns":0,"yards":46,"IsQB":false,"points":4}"
B.Reedy,"{"touchdowns":0,"yards":38,"IsQB":false,"points":3}"
C.Kessler,"{"touchdowns":0,"yards":78,"IsQB":true,"points":3}"
E.Byrd,"{"touchdowns":0,"yards":31,"IsQB":false,"points":3}"
F.Toussaint,"{"touchdowns":0,"yards":34,"IsQB":false,"points":3}"
I.McKenzie,"{"touchdowns":0,"yards":33,"IsQB":false,"points":3}"
J.Develin,"{"touchdowns":0,"yards":38,"IsQB":false,"points":3}"
J.Natson,"{"touchdowns":0,"yards":33,"IsQB":false,"points":3}"
J.Prosch,"{"touchdowns":0,"yards":31,"IsQB":false,"points":3}"
N.Brown,"{"touchdowns":0,"yards":33,"IsQB":false,"points":3}"
N.Williams,"{"touchdowns":0,"yards":30,"IsQB":false,"points":3}"
Q.Bray,"{"touchdowns":0,"yards":39,"IsQB":false,"points":3}"
R.Mostert,"{"touchdowns":0,"yards":30,"IsQB":false,"points":3}"
R.Telfer,"{"touchdowns":0,"yards":36,"IsQB":false,"points":3}"
S.Perry,"{"touchdowns":0,"yards":33,"IsQB":false,"points":3}"
T.Gentry,"{"touchdowns":0,"yards":35,"IsQB":false,"points":3}"
W.Tye,"{"touchdowns":0,"yards":38,"IsQB":false,"points":3}"
A.Auclair,"{"touchdowns":0,"yards":25,"IsQB":false,"points":2}"
A.McCarron,"{"touchdowns":0,"yards":57,"IsQB":true,"points":2}"
A.Williams,"{"touchdowns":0,"yards":25,"IsQB":false,"points":2}"
B.Bell,"{"touchdowns":0,"yards":21,"IsQB":false,"points":2}"
B.Rainey,"{"touchdowns":0,"yards":20,"IsQB":false,"points":2}"
C.Jones,"{"touchdowns":0,"yards":24,"IsQB":false,"points":2}"
C.Matthews,"{"touchdowns":0,"yards":25,"IsQB":false,"points":2}"
D.Coleman,"{"touchdowns":0,"yards":28,"IsQB":false,"points":2}"
D.Daniels,"{"touchdowns":0,"yards":26,"IsQB":false,"points":2}"
D.Fluellen,"{"touchdowns":0,"yards":21,"IsQB":false,"points":2}"
D.Smith,"{"touchdowns":0,"yards":27,"IsQB":false,"points":2}"
D.White,"{"touchdowns":0,"yards":24,"IsQB":false,"points":2}"
G.Swaim,"{"touchdowns":0,"yards":25,"IsQB":false,"points":2}"
G.Whalen,"{"touchdowns":0,"yards":23,"IsQB":false,"points":2}"
J.Agnew,"{"touchdowns":0,"yards":27,"IsQB":false,"points":2}"
J.Ferguson,"{"touchdowns":0,"yards":21,"IsQB":false,"points":2}"
J.Leslie,"{"touchdowns":0,"yards":26,"IsQB":false,"points":2}"
J.Rudock,"{"touchdowns":0,"yards":24,"IsQB":false,"points":2}"
K.Smith,"{"touchdowns":0,"yards":26,"IsQB":false,"points":2}"
P.DiMarco,"{"touchdowns":0,"yards":26,"IsQB":false,"points":2}"
R.Hewitt,"{"touchdowns":0,"yards":22,"IsQB":false,"points":2}"
A.Benn,"{"touchdowns":0,"yards":12,"IsQB":false,"points":1}"
A.Roberts,"{"touchdowns":0,"yards":12,"IsQB":false,"points":1}"
B.Nortman,"{"touchdowns":0,"yards":29,"IsQB":true,"points":1}"
C.Hikutini,"{"touchdowns":0,"yards":15,"IsQB":false,"points":1}"
C.Manhertz,"{"touchdowns":0,"yards":17,"IsQB":false,"points":1}"
C.Rush,"{"touchdowns":0,"yards":17,"IsQB":false,"points":1}"
D.Powe,"{"touchdowns":0,"yards":13,"IsQB":false,"points":1}"
D.Vitale,"{"touchdowns":0,"yards":19,"IsQB":false,"points":1}"
De.Thomas,"{"touchdowns":0,"yards":12,"IsQB":false,"points":1}"
J.Chesson,"{"touchdowns":0,"yards":18,"IsQB":false,"points":1}"
J.Hekker,"{"touchdowns":0,"yards":34,"IsQB":true,"points":1}"
J.Janis,"{"touchdowns":0,"yards":12,"IsQB":false,"points":1}"
J.Ross,"{"touchdowns":0,"yards":12,"IsQB":false,"points":1}"
K.Clemens,"{"touchdowns":0,"yards":36,"IsQB":true,"points":1}"
K.Raymond,"{"touchdowns":0,"yards":11,"IsQB":false,"points":1}"
K.Redfern,"{"touchdowns":0,"yards":10,"IsQB":false,"points":1}"
L.Daniels,"{"touchdowns":0,"yards":14,"IsQB":false,"points":1}"
L.Edwards,"{"touchdowns":0,"yards":31,"IsQB":true,"points":1}"
M.Burton,"{"touchdowns":0,"yards":17,"IsQB":false,"points":1}"
N.Ebner,"{"touchdowns":0,"yards":14,"IsQB":false,"points":1}"
R.Golden,"{"touchdowns":0,"yards":44,"IsQB":true,"points":1}"
S.Gibson,"{"touchdowns":0,"yards":11,"IsQB":false,"points":1}"
S.Koch,"{"touchdowns":0,"yards":38,"IsQB":true,"points":1}"
C.Carter,"{"touchdowns":0,"yards":0,"IsQB":false,"points":0}"
C.Core,"{"touchdowns":0,"yards":0,"IsQB":false,"points":0}"
C.Erving,"{"touchdowns":0,"yards":0,"IsQB":false,"points":0}"
C.Hamilton,"{"touchdowns":0,"yards":8,"IsQB":false,"points":0}"
C.Henne,"{"touchdowns":0,"yards":0,"IsQB":true,"points":0}"
C.Peake,"{"touchdowns":0,"yards":3,"IsQB":false,"points":0}"
C.Spiller,"{"touchdowns":0,"yards":0,"IsQB":false,"points":0}"
D.Anderson,"{"touchdowns":0,"yards":17,"IsQB":true,"points":0}"
D.Mays,"{"touchdowns":0,"yards":1,"IsQB":false,"points":0}"
E.Eagan,"{"touchdowns":0,"yards":0,"IsQB":false,"points":0}"
E.Weems,"{"touchdowns":0,"yards":5,"IsQB":false,"points":0}"
G.Griffin,"{"touchdowns":0,"yards":4,"IsQB":false,"points":0}"
G.Holmes,"{"touchdowns":0,"yards":0,"IsQB":false,"points":0}"
H.Douglas,"{"touchdowns":0,"yards":8,"IsQB":false,"points":0}"
I.Whitney,"{"touchdowns":0,"yards":0,"IsQB":false,"points":0}"
J.Callahan,"{"touchdowns":0,"yards":11,"IsQB":true,"points":0}"
J.Cumberland,"{"touchdowns":0,"yards":2,"IsQB":false,"points":0}"
J.Davis,"{"touchdowns":0,"yards":1,"IsQB":false,"points":0}"
J.Kerridge,"{"touchdowns":0,"yards":3,"IsQB":false,"points":0}"
J.Kuhn,"{"touchdowns":0,"yards":2,"IsQB":false,"points":0}"
J.Whitehead,"{"touchdowns":0,"yards":7,"IsQB":false,"points":0}"
K.Brent,"{"touchdowns":0,"yards":0,"IsQB":false,"points":0}"
K.White,"{"touchdowns":0,"yards":6,"IsQB":false,"points":0}"
L.Paulsen,"{"touchdowns":0,"yards":0,"IsQB":false,"points":0}"
L.Pinkard,"{"touchdowns":0,"yards":5,"IsQB":false,"points":0}"
M.Bosher,"{"touchdowns":0,"yards":0,"IsQB":false,"points":0}"
M.Bundy,"{"touchdowns":0,"yards":0,"IsQB":false,"points":0}"
M.Gray,"{"touchdowns":0,"yards":24,"IsQB":true,"points":0}"
M.Haack,"{"touchdowns":0,"yards":0,"IsQB":true,"points":0}"
M.Hazel,"{"touchdowns":0,"yards":1,"IsQB":false,"points":0}"
M.LaCosse,"{"touchdowns":0,"yards":0,"IsQB":false,"points":0}"
M.McCaffrey,"{"touchdowns":0,"yards":4,"IsQB":false,"points":0}"
M.Palardy,"{"touchdowns":0,"yards":0,"IsQB":true,"points":0}"
N.Berhe,"{"touchdowns":0,"yards":2,"IsQB":false,"points":0}"
R.Malleck,"{"touchdowns":0,"yards":3,"IsQB":false,"points":0}"
R.Quigley,"{"touchdowns":0,"yards":0,"IsQB":true,"points":0}"
S.Coley,"{"touchdowns":0,"yards":0,"IsQB":false,"points":0}"
S.Thompson,"{"touchdowns":0,"yards":0,"IsQB":false,"points":0}"
T.Bray,"{"touchdowns":0,"yards":0,"IsQB":false,"points":0}"
T.Bridgewater,"{"touchdowns":0,"yards":0,"IsQB":true,"points":0}"
T.Sambrailo,"{"touchdowns":0,"yards":0,"IsQB":false,"points":0}"
T.Watson,"{"touchdowns":0,"yards":8,"IsQB":false,"points":0}"
W.Lutz,"{"touchdowns":0,"yards":4,"IsQB":false,"points":0}"
B.Mihalik,"{"touchdowns":0,"yards":-4,"IsQB":false,"points":-1}"
D.McFadden,"{"touchdowns":0,"yards":-2,"IsQB":false,"points":-1}"
J.Ryan,"{"touchdowns":0,"yards":-4,"IsQB":true,"points":-1}"
K.Zeitler,"{"touchdowns":0,"yards":-4,"IsQB":false,"points":-1}"
T.Heinicke,"{"touchdowns":0,"yards":-4,"IsQB":true,"points":-1}"
M.King,"{"touchdowns":0,"yards":-14,"IsQB":false,"points":-2}"
NA,"{"touchdowns":0,"yards":-7802,"IsQB":false,"points":-781}"
